Timestamp,Serial,Monthly_Miles_Actual,Trigger
2026-04-29 17:51,,0.0,Manual
2026-04-29 17:51,GA1U76CA6TKH,4312.0,Manual
2026-04-29 17:51,GAP3HN061UYJ,839.0,Manual
2026-04-29 17:51,GADASM85B8WD,1479.0,Manual
2026-04-29 17:51,GANZ9WH0616H,-165497.0,Manual
2026-04-29 17:51,GAP02HFH7M3T,1132.0,Manual
2026-04-29 17:51,GA0SJ8FBUSS3,3301.0,Manual
2026-04-29 17:51,GAMPMF051XPU,2408.0,Manual
2026-04-29 17:51,GASV9MFVV34B,2307.0,Manual
2026-04-29 17:51,GA10SUKTX9FF,0.0,Manual
2026-04-29 17:51,GA81K9735S15,2659.0,Manual
2026-04-29 17:51,G9JEFN3K040J,0.0,Manual
2026-04-29 17:51,GAD6X9V49PSU,1369.0,Manual
2026-04-29 17:51,GAMF7NPJK68H,5789.0,Manual
2026-04-29 17:51,GAVF5T0D1C2A,3784.0,Manual
2026-04-29 17:51,GACM898C3NFV,1241.0,Manual
2026-04-29 17:51,GAF2NYNJ412X,8289.0,Manual
2026-04-29 17:51,GAV5CYDCCD2F,35.0,Manual
2026-04-29 17:51,,0.0,Manual
2026-04-29 17:51,GARNB4SUYSP6,642.0,Manual
2026-04-29 17:51,GAJ24R773Y20,4098.0,Manual
2026-04-29 17:51,GADCWYVTNXF4,2055.0,Manual
2026-04-29 17:51,GA6X4341BYZU,2516.0,Manual
2026-04-29 17:51,GA73MHU4H6E0,192.0,Manual
2026-04-29 17:51,GAENKTZ4XCKV,1778.0,Manual
2026-04-29 17:51,GAC3SJDVF7HH,0.0,Manual
2026-04-29 17:51,GA5W1E487XAK,950.0,Manual
2026-04-29 17:51,GAAYKYZ57A2R,71.0,Manual
2026-04-29 17:51,GA3JH013ZP58,300.0,Manual
2026-04-29 17:51,GAVJY4T0S1JM,1163.0,Manual
2026-04-29 17:51,GAX4JRFXAZU3,7890.0,Manual
2026-04-29 17:51,GA02KNK5ZR9X,1026.0,Manual
2026-04-29 17:51,GA7JR24N8MP0,1203.0,Manual
2026-04-29 17:51,GA8R7ZWBUCDM,0.0,Manual
2026-04-29 17:51,GA5M13ATAU92,1097.0,Manual
2026-04-29 17:51,GAEN3WKT7S8N,5757.0,Manual
2026-04-29 17:51,GA8Z66D03R5H,33.0,Manual
2026-04-29 17:51,GA83THPZPHMM,2026.0,Manual
2026-04-29 17:51,GA1914R3A8FT,0.0,Manual
2026-04-29 17:51,GAT5UMR7U33K,7.0,Manual
2026-04-29 17:51,G9V50AU26BAF,0.0,Manual
2026-04-29 17:51,GAHB1V7EZ9T6,2853.0,Manual
2026-04-29 17:51,GAHS3Z4436SN,1665.0,Manual
2026-04-29 17:51,GAMK7BM0Z6F7,2435.0,Manual
2026-04-29 17:51,000-000-0000,53.0,Manual
2026-04-29 17:51,GA4SB3FKNVSV,1633.0,Manual
2026-04-29 17:51,GA6AJVRZ9VP6,622.0,Manual
2026-04-29 17:51,GASJN1VYDHKS,494.0,Manual
2026-04-29 17:51,GAPDJNZC2DEW,1028.0,Manual
2026-04-29 17:51,GAHEKYN0PW0M,2444.0,Manual
2026-04-29 17:51,G93C211DF1F5,1423.0,Manual
2026-04-29 17:51,GA0F3WAYJZ85,5910.0,Manual
2026-04-29 17:51,GARD565VJA51,1173.0,Manual
2026-04-29 17:51,GA3X9M8D0M2J,2675.0,Manual
2026-04-29 17:51,GAA92VYD2TBN,1158.0,Manual
2026-04-29 17:51,GA0KX8JE604J,1080.0,Manual
2026-04-29 17:51,GA4WAC7EEW2P,12177.0,Manual
2026-04-29 17:51,GA3SPEXSHKHB,5971.0,Manual
2026-04-29 17:51,GAMM4WCR94ZF,675.0,Manual
2026-04-29 17:51,GA5XY16NNEFJ,1494.0,Manual
2026-04-29 17:51,GAE4VMCDYE21,7270.0,Manual
2026-04-29 17:51,GAK973NU1NN6,1.0,Manual
2026-04-29 17:51,GADN5KDCY43M,621.0,Manual
2026-04-29 17:51,GA5UFB0VKZE3,1928.0,Manual
2026-04-29 17:51,GAPYA6Y63YX3,1109.0,Manual
2026-04-29 17:51,GA6CWURSDKF7,1576.0,Manual
2026-04-29 17:51,GA16H8U4V1JD,0.0,Manual
2026-04-29 17:51,GA6KJA56597A,1730.0,Manual
2026-04-29 17:51,GAPDBJKBS4VJ,8166.0,Manual
2026-04-29 17:51,GAD6U8272377,1901.0,Manual
2026-04-29 17:51,GAP76XH3NTVT,0.0,Manual
2026-04-29 17:51,GAWE08XV8P43,7843.0,Manual
2026-04-29 17:51,GANNU9TCMDYX,3906.0,Manual
2026-04-29 17:51,GAVMTS1JEV5F,2158.0,Manual
2026-04-29 17:51,GA0VFPYBPFSD,5.0,Manual
2026-04-29 17:51,GA2D5K1PW1KY,3871.0,Manual
2026-04-29 17:56,,0.0,Manual
2026-04-29 17:56,GA1U76CA6TKH,4319.0,Manual
2026-04-29 17:56,GAP3HN061UYJ,839.0,Manual
2026-04-29 17:56,GADASM85B8WD,1479.0,Manual
2026-04-29 17:56,GANZ9WH0616H,-165516.0,Manual
2026-04-29 17:56,GAP02HFH7M3T,1132.0,Manual
2026-04-29 17:56,GA0SJ8FBUSS3,3301.0,Manual
2026-04-29 17:56,GAMPMF051XPU,2408.0,Manual
2026-04-29 17:56,GASV9MFVV34B,2307.0,Manual
2026-04-29 17:56,GA10SUKTX9FF,0.0,Manual
2026-04-29 17:56,GA81K9735S15,2659.0,Manual
2026-04-29 17:56,G9JEFN3K040J,0.0,Manual
2026-04-29 17:56,GAD6X9V49PSU,1369.0,Manual
2026-04-29 17:56,GAMF7NPJK68H,5789.0,Manual
2026-04-29 17:56,GAVF5T0D1C2A,3784.0,Manual
2026-04-29 17:56,GACM898C3NFV,1241.0,Manual
2026-04-29 17:56,GAF2NYNJ412X,8285.0,Manual
2026-04-29 17:56,GAV5CYDCCD2F,35.0,Manual
2026-04-29 17:56,,0.0,Manual
2026-04-29 17:56,GARNB4SUYSP6,642.0,Manual
2026-04-29 17:56,GAJ24R773Y20,4098.0,Manual
2026-04-29 17:56,GADCWYVTNXF4,2055.0,Manual
2026-04-29 17:56,GA6X4341BYZU,2510.0,Manual
2026-04-29 17:56,GA73MHU4H6E0,192.0,Manual
2026-04-29 17:56,GAENKTZ4XCKV,1778.0,Manual
2026-04-29 17:56,GAC3SJDVF7HH,0.0,Manual
2026-04-29 17:56,GA5W1E487XAK,950.0,Manual
2026-04-29 17:56,GAAYKYZ57A2R,71.0,Manual
2026-04-29 17:56,GA3JH013ZP58,300.0,Manual
2026-04-29 17:56,GAVJY4T0S1JM,1163.0,Manual
2026-04-29 17:56,GAX4JRFXAZU3,7888.0,Manual
2026-04-29 17:56,GA02KNK5ZR9X,1026.0,Manual
2026-04-29 17:56,GA7JR24N8MP0,1203.0,Manual
2026-04-29 17:56,GA8R7ZWBUCDM,0.0,Manual
2026-04-29 17:56,GA5M13ATAU92,1097.0,Manual
2026-04-29 17:56,GAEN3WKT7S8N,5758.0,Manual
2026-04-29 17:56,GA8Z66D03R5H,33.0,Manual
2026-04-29 17:56,GA83THPZPHMM,2026.0,Manual
2026-04-29 17:56,GA1914R3A8FT,0.0,Manual
2026-04-29 17:56,GAT5UMR7U33K,7.0,Manual
2026-04-29 17:56,G9V50AU26BAF,0.0,Manual
2026-04-29 17:56,GAHB1V7EZ9T6,2852.0,Manual
2026-04-29 17:56,GAHS3Z4436SN,1665.0,Manual
2026-04-29 17:56,GAMK7BM0Z6F7,2435.0,Manual
2026-04-29 17:56,000-000-0000,53.0,Manual
2026-04-29 17:56,GA4SB3FKNVSV,1633.0,Manual
2026-04-29 17:56,GA6AJVRZ9VP6,622.0,Manual
2026-04-29 17:56,GASJN1VYDHKS,494.0,Manual
2026-04-29 17:56,GAPDJNZC2DEW,1028.0,Manual
2026-04-29 17:56,GAHEKYN0PW0M,2444.0,Manual
2026-04-29 17:56,G93C211DF1F5,1423.0,Manual
2026-04-29 17:56,GA0F3WAYJZ85,5908.0,Manual
2026-04-29 17:56,GARD565VJA51,1173.0,Manual
2026-04-29 17:56,GA3X9M8D0M2J,2675.0,Manual
2026-04-29 17:56,GAA92VYD2TBN,1158.0,Manual
2026-04-29 17:56,GA0KX8JE604J,1079.0,Manual
2026-04-29 17:56,GA4WAC7EEW2P,12177.0,Manual
2026-04-29 17:56,GA3SPEXSHKHB,5971.0,Manual
2026-04-29 17:56,GAMM4WCR94ZF,675.0,Manual
2026-04-29 17:56,GA5XY16NNEFJ,1494.0,Manual
2026-04-29 17:56,GAE4VMCDYE21,7270.0,Manual
2026-04-29 17:56,GAK973NU1NN6,1.0,Manual
2026-04-29 17:56,GADN5KDCY43M,621.0,Manual
2026-04-29 17:56,GA5UFB0VKZE3,1928.0,Manual
2026-04-29 17:56,GAPYA6Y63YX3,1109.0,Manual
2026-04-29 17:56,GA6CWURSDKF7,1582.0,Manual
2026-04-29 17:56,GA16H8U4V1JD,0.0,Manual
2026-04-29 17:56,GA6KJA56597A,1730.0,Manual
2026-04-29 17:56,GAPDBJKBS4VJ,8169.0,Manual
2026-04-29 17:56,GAD6U8272377,1901.0,Manual
2026-04-29 17:56,GAP76XH3NTVT,0.0,Manual
2026-04-29 17:56,GAWE08XV8P43,7848.0,Manual
2026-04-29 17:56,GANNU9TCMDYX,3906.0,Manual
2026-04-29 17:56,GAVMTS1JEV5F,2158.0,Manual
2026-04-29 17:56,GA0VFPYBPFSD,5.0,Manual
2026-04-29 17:56,GA2D5K1PW1KY,3871.0,Manual
2026-05-01 15:35,,0.0,Scheduled
2026-05-01 15:35,GA1U76CA6TKH,4902.0,Scheduled
2026-05-01 15:35,GAP3HN061UYJ,869.0,Scheduled
2026-05-01 15:35,GADASM85B8WD,1421.0,Scheduled
2026-05-01 15:35,GA0SJ8FBUSS3,3224.0,Scheduled
2026-05-01 15:35,GAMPMF051XPU,2363.0,Scheduled
2026-05-01 15:35,GASV9MFVV34B,2227.0,Scheduled
2026-05-01 15:35,GA10SUKTX9FF,0.0,Scheduled
2026-05-01 15:35,GACM898C3NFV,1256.0,Scheduled
2026-05-01 15:35,GA81K9735S15,2312.0,Scheduled
2026-05-01 15:35,G9JEFN3K040J,0.0,Scheduled
2026-05-01 15:35,GAD6X9V49PSU,1350.0,Scheduled
2026-05-01 15:35,GAMF7NPJK68H,5789.0,Scheduled
2026-05-01 15:35,GAVF5T0D1C2A,3721.0,Scheduled
2026-05-01 15:35,GADCWYVTNXF4,1949.0,Scheduled
2026-05-01 15:35,GAF2NYNJ412X,8326.0,Scheduled
2026-05-01 15:35,GAV5CYDCCD2F,22.0,Scheduled
2026-05-01 15:35,,0.0,Scheduled
2026-05-01 15:35,GARNB4SUYSP6,605.0,Scheduled
2026-05-01 15:35,GAJ24R773Y20,3811.0,Scheduled
2026-05-01 15:35,GA6X4341BYZU,2507.0,Scheduled
2026-05-01 15:35,GA73MHU4H6E0,191.0,Scheduled
2026-05-01 15:35,GAP02HFH7M3T,1155.0,Scheduled
2026-05-01 15:35,GAENKTZ4XCKV,1749.0,Scheduled
2026-05-01 15:35,GAC3SJDVF7HH,0.0,Scheduled
2026-05-01 15:35,GA5W1E487XAK,975.0,Scheduled
2026-05-01 15:35,GAAYKYZ57A2R,71.0,Scheduled
2026-05-01 15:35,GA3JH013ZP58,222.0,Scheduled
2026-05-01 15:35,GAVJY4T0S1JM,1422.0,Scheduled
2026-05-01 15:35,GAX4JRFXAZU3,7297.0,Scheduled
2026-05-01 15:35,GANZ9WH0616H,-81301.0,Scheduled
2026-05-01 15:35,GA02KNK5ZR9X,1104.0,Scheduled
2026-05-01 15:35,GA7JR24N8MP0,1093.0,Scheduled
2026-05-01 15:35,GA8R7ZWBUCDM,0.0,Scheduled
2026-05-01 15:35,GA5M13ATAU92,890.0,Scheduled
2026-05-01 15:35,GAEN3WKT7S8N,5731.0,Scheduled
2026-05-01 15:35,GA8Z66D03R5H,33.0,Scheduled
2026-05-01 15:35,GA83THPZPHMM,2102.0,Scheduled
2026-05-01 15:35,GA1914R3A8FT,0.0,Scheduled
2026-05-01 15:35,GAT5UMR7U33K,0.0,Scheduled
2026-05-01 15:35,G9V50AU26BAF,0.0,Scheduled
2026-05-01 15:35,GAHB1V7EZ9T6,2853.0,Scheduled
2026-05-01 15:35,GAHS3Z4436SN,1723.0,Scheduled
2026-05-01 15:35,GAMK7BM0Z6F7,2353.0,Scheduled
2026-05-01 15:35,GA4SB3FKNVSV,1652.0,Scheduled
2026-05-01 15:35,000-000-0000,53.0,Scheduled
2026-05-01 15:35,GA6AJVRZ9VP6,622.0,Scheduled
2026-05-01 15:35,GASJN1VYDHKS,494.0,Scheduled
2026-05-01 15:35,GAPDJNZC2DEW,1017.0,Scheduled
2026-05-01 15:35,GAHEKYN0PW0M,2480.0,Scheduled
2026-05-01 15:35,G93C211DF1F5,1461.0,Scheduled
2026-05-01 15:35,GARD565VJA51,1044.0,Scheduled
2026-05-01 15:35,GA0F3WAYJZ85,6041.0,Scheduled
2026-05-01 15:35,GA3X9M8D0M2J,2960.0,Scheduled
2026-05-01 15:35,GAA92VYD2TBN,1373.0,Scheduled
2026-05-01 15:35,GA0KX8JE604J,1085.0,Scheduled
2026-05-01 15:35,GA4WAC7EEW2P,12181.0,Scheduled
2026-05-01 15:35,GA3SPEXSHKHB,5668.0,Scheduled
2026-05-01 15:35,GAMM4WCR94ZF,700.0,Scheduled
2026-05-01 15:35,GA5XY16NNEFJ,1561.0,Scheduled
2026-05-01 15:35,GAE4VMCDYE21,6687.0,Scheduled
2026-05-01 15:35,GAK973NU1NN6,3.0,Scheduled
2026-05-01 15:35,GADN5KDCY43M,656.0,Scheduled
2026-05-01 15:35,GA5UFB0VKZE3,2086.0,Scheduled
2026-05-01 15:35,GAPYA6Y63YX3,1000.0,Scheduled
2026-05-01 15:35,GA6CWURSDKF7,1504.0,Scheduled
2026-05-01 15:35,GA16H8U4V1JD,0.0,Scheduled
2026-05-01 15:35,GAPDBJKBS4VJ,8407.0,Scheduled
2026-05-01 15:35,GA6KJA56597A,1458.0,Scheduled
2026-05-01 15:35,GAD6U8272377,1901.0,Scheduled
2026-05-01 15:35,GAP76XH3NTVT,0.0,Scheduled
2026-05-01 15:35,GAWE08XV8P43,8109.0,Scheduled
2026-05-01 15:35,GANNU9TCMDYX,3616.0,Scheduled
2026-05-01 15:35,GAVMTS1JEV5F,1896.0,Scheduled
2026-05-01 15:35,GA0VFPYBPFSD,14.0,Scheduled
2026-05-01 15:35,GA2D5K1PW1KY,4095.0,Scheduled
2026-05-08 16:52,,0.0,Scheduled
2026-05-08 16:52,GASJN1VYDHKS,518.0,Scheduled
2026-05-08 16:52,GA8Z66D03R5H,48.0,Scheduled
2026-05-08 16:52,GA7JR24N8MP0,1094.0,Scheduled
2026-05-08 16:52,GA1U76CA6TKH,5528.0,Scheduled
2026-05-08 16:52,GA5W1E487XAK,1396.0,Scheduled
2026-05-08 16:52,GA0SJ8FBUSS3,3455.0,Scheduled
2026-05-08 16:52,GASV9MFVV34B,2026.0,Scheduled
2026-05-08 16:52,GA10SUKTX9FF,0.0,Scheduled
2026-05-08 16:52,GACM898C3NFV,1487.0,Scheduled
2026-05-08 16:52,GAV5CYDCCD2F,15.0,Scheduled
2026-05-08 16:52,G9JEFN3K040J,0.0,Scheduled
2026-05-08 16:52,,2081.0,Scheduled
2026-05-08 16:52,GADASM85B8WD,1368.0,Scheduled
2026-05-08 16:52,GADCWYVTNXF4,1950.0,Scheduled
2026-05-08 16:52,GAP76XH3NTVT,31318.0,Scheduled
2026-05-08 16:52,GA81K9735S15,2318.0,Scheduled
2026-05-08 16:52,GAD6X9V49PSU,1214.0,Scheduled
2026-05-08 16:52,GARNB4SUYSP6,625.0,Scheduled
2026-05-08 16:52,GAF2NYNJ412X,8014.0,Scheduled
2026-05-08 16:52,GA6X4341BYZU,2435.0,Scheduled
2026-05-08 16:52,,0.0,Scheduled
2026-05-08 16:52,GA73MHU4H6E0,188.0,Scheduled
2026-05-08 16:52,GAJ24R773Y20,2258.0,Scheduled
2026-05-08 16:52,GAP02HFH7M3T,1383.0,Scheduled
2026-05-08 16:52,GAENKTZ4XCKV,1341.0,Scheduled
2026-05-08 16:52,GAC3SJDVF7HH,0.0,Scheduled
2026-05-08 16:52,GAAYKYZ57A2R,70.0,Scheduled
2026-05-08 16:52,G9V50AU26BAF,41847.0,Scheduled
2026-05-08 16:52,GAVJY4T0S1JM,1786.0,Scheduled
2026-05-08 16:52,GA02KNK5ZR9X,1248.0,Scheduled
2026-05-08 16:52,GAX4JRFXAZU3,6357.0,Scheduled
2026-05-08 16:52,GA8R7ZWBUCDM,0.0,Scheduled
2026-05-08 16:52,GA5M13ATAU92,481.0,Scheduled
2026-05-08 16:52,GAEN3WKT7S8N,6101.0,Scheduled
2026-05-08 16:52,GAMPMF051XPU,2417.0,Scheduled
2026-05-08 16:52,GA83THPZPHMM,2067.0,Scheduled
2026-05-08 16:52,GANZ9WH0616H,86046.0,Scheduled
2026-05-08 16:52,GA1914R3A8FT,0.0,Scheduled
2026-05-08 16:52,GAVF5T0D1C2A,4181.0,Scheduled
2026-05-08 16:52,GAT5UMR7U33K,0.0,Scheduled
2026-05-08 16:52,GAHS3Z4436SN,2068.0,Scheduled
2026-05-08 16:52,GAHB1V7EZ9T6,2520.0,Scheduled
2026-05-08 16:52,GA4SB3FKNVSV,1925.0,Scheduled
2026-05-08 16:52,000-000-0000,52.0,Scheduled
2026-05-08 16:52,GAMK7BM0Z6F7,1981.0,Scheduled
2026-05-08 16:52,GAP3HN061UYJ,1047.0,Scheduled
2026-05-08 16:52,GA6AJVRZ9VP6,660.0,Scheduled
2026-05-08 16:52,GA16H8U4V1JD,-10218.0,Scheduled
2026-05-08 16:52,G93C211DF1F5,1360.0,Scheduled
2026-05-08 16:52,GAHEKYN0PW0M,2446.0,Scheduled
2026-05-08 16:52,GARD565VJA51,1119.0,Scheduled
2026-05-08 16:52,GA0F3WAYJZ85,5815.0,Scheduled
2026-05-08 16:52,GAPDJNZC2DEW,941.0,Scheduled
2026-05-08 16:52,GA3JH013ZP58,133.0,Scheduled
2026-05-08 16:52,GAA92VYD2TBN,1630.0,Scheduled
2026-05-08 16:52,GA3X9M8D0M2J,3087.0,Scheduled
2026-05-08 16:52,GA0KX8JE604J,854.0,Scheduled
2026-05-08 16:52,GA4WAC7EEW2P,11717.0,Scheduled
2026-05-08 16:52,GA3SPEXSHKHB,5228.0,Scheduled
2026-05-08 16:52,GAMM4WCR94ZF,837.0,Scheduled
2026-05-08 16:52,GAE4VMCDYE21,6027.0,Scheduled
2026-05-08 16:52,GA5XY16NNEFJ,1897.0,Scheduled
2026-05-08 16:52,GAK973NU1NN6,19.0,Scheduled
2026-05-08 16:52,GADN5KDCY43M,783.0,Scheduled
2026-05-08 16:52,GA5UFB0VKZE3,1971.0,Scheduled
2026-05-08 16:52,GAPYA6Y63YX3,802.0,Scheduled
2026-05-08 16:52,GA6CWURSDKF7,1390.0,Scheduled
2026-05-08 16:52,GA6KJA56597A,1345.0,Scheduled
2026-05-08 16:52,GAPDBJKBS4VJ,7804.0,Scheduled
2026-05-08 16:52,GAD6U8272377,1754.0,Scheduled
2026-05-08 16:52,GAWE08XV8P43,8027.0,Scheduled
2026-05-08 16:52,GANNU9TCMDYX,3767.0,Scheduled
2026-05-08 16:52,GAVMTS1JEV5F,1951.0,Scheduled
2026-05-08 16:52,GA0VFPYBPFSD,14.0,Scheduled
2026-05-08 16:52,GA2D5K1PW1KY,3867.0,Scheduled
2026-05-15 17:16,,0.0,Scheduled
2026-05-15 17:16,GASJN1VYDHKS,715.0,Scheduled
2026-05-15 17:16,GA8Z66D03R5H,40.0,Scheduled
2026-05-15 17:16,GA7JR24N8MP0,1238.0,Scheduled
2026-05-15 17:16,GA1U76CA6TKH,5888.0,Scheduled
2026-05-15 17:16,GA0SJ8FBUSS3,3260.0,Scheduled
2026-05-15 17:16,GASV9MFVV34B,2490.0,Scheduled
2026-05-15 17:16,GA10SUKTX9FF,0.0,Scheduled
2026-05-15 17:16,GACM898C3NFV,1808.0,Scheduled
2026-05-15 17:16,GAV5CYDCCD2F,25.0,Scheduled
2026-05-15 17:16,GA5W1E487XAK,2311.0,Scheduled
2026-05-15 17:16,,861.0,Scheduled
2026-05-15 17:16,GADASM85B8WD,1344.0,Scheduled
2026-05-15 17:16,GADCWYVTNXF4,2017.0,Scheduled
2026-05-15 17:16,GAP76XH3NTVT,32432.0,Scheduled
2026-05-15 17:16,GA81K9735S15,2377.0,Scheduled
2026-05-15 17:16,GAD6X9V49PSU,1413.0,Scheduled
2026-05-15 17:16,GAF2NYNJ412X,6189.0,Scheduled
2026-05-15 17:16,G9JEFN3K040J,0.0,Scheduled
2026-05-15 17:16,GARNB4SUYSP6,663.0,Scheduled
2026-05-15 17:16,,0.0,Scheduled
2026-05-15 17:16,GA6X4341BYZU,3103.0,Scheduled
2026-05-15 17:16,GA73MHU4H6E0,186.0,Scheduled
2026-05-15 17:16,GAJ24R773Y20,647.0,Scheduled
2026-05-15 17:16,GAP02HFH7M3T,2531.0,Scheduled
2026-05-15 17:16,GAENKTZ4XCKV,1172.0,Scheduled
2026-05-15 17:16,GAAYKYZ57A2R,69.0,Scheduled
2026-05-15 17:16,GAT5UMR7U33K,-182168.0,Scheduled
2026-05-15 17:16,G9V50AU26BAF,41847.0,Scheduled
2026-05-15 17:16,GAVJY4T0S1JM,2146.0,Scheduled
2026-05-15 17:16,000-000-0000,0.0,Scheduled
2026-05-15 17:16,GA02KNK5ZR9X,1140.0,Scheduled
2026-05-15 17:16,GAX4JRFXAZU3,6424.0,Scheduled
2026-05-15 17:16,GA5M13ATAU92,544.0,Scheduled
2026-05-15 17:16,GA8R7ZWBUCDM,0.0,Scheduled
2026-05-15 17:16,GAEN3WKT7S8N,6792.0,Scheduled
2026-05-15 17:16,GAMPMF051XPU,2919.0,Scheduled
2026-05-15 17:16,GA83THPZPHMM,2279.0,Scheduled
2026-05-15 17:16,GANZ9WH0616H,85369.0,Scheduled
2026-05-15 17:16,GA1914R3A8FT,0.0,Scheduled
2026-05-15 17:16,GAVF5T0D1C2A,4783.0,Scheduled
2026-05-15 17:16,GAHS3Z4436SN,2242.0,Scheduled
2026-05-15 17:16,GAHB1V7EZ9T6,2240.0,Scheduled
2026-05-15 17:16,GA4SB3FKNVSV,1591.0,Scheduled
2026-05-15 17:16,000-000-0000,52.0,Scheduled
2026-05-15 17:16,GAMK7BM0Z6F7,2146.0,Scheduled
2026-05-15 17:16,GA6AJVRZ9VP6,1138.0,Scheduled
2026-05-15 17:16,GAP3HN061UYJ,827.0,Scheduled
2026-05-15 17:16,G93C211DF1F5,1562.0,Scheduled
2026-05-15 17:16,GA16H8U4V1JD,-9733.0,Scheduled
2026-05-15 17:16,GAHEKYN0PW0M,2324.0,Scheduled
2026-05-15 17:16,GARD565VJA51,1417.0,Scheduled
2026-05-15 17:16,GA0F3WAYJZ85,5218.0,Scheduled
2026-05-15 17:16,GAPDJNZC2DEW,930.0,Scheduled
2026-05-15 17:16,GA3JH013ZP58,451.0,Scheduled
2026-05-15 17:16,GA3X9M8D0M2J,3123.0,Scheduled
2026-05-15 17:16,GAA92VYD2TBN,1683.0,Scheduled
2026-05-15 17:16,GA0KX8JE604J,759.0,Scheduled
2026-05-15 17:16,GA4WAC7EEW2P,10385.0,Scheduled
2026-05-15 17:16,GA3SPEXSHKHB,4357.0,Scheduled
2026-05-15 17:16,GAMM4WCR94ZF,892.0,Scheduled
2026-05-15 17:16,GAE4VMCDYE21,5705.0,Scheduled
2026-05-15 17:16,GA5XY16NNEFJ,2333.0,Scheduled
2026-05-15 17:16,GADN5KDCY43M,961.0,Scheduled
2026-05-15 17:16,GAK973NU1NN6,83.0,Scheduled
2026-05-15 17:16,GA5UFB0VKZE3,2130.0,Scheduled
2026-05-15 17:16,GAPYA6Y63YX3,704.0,Scheduled
2026-05-15 17:16,GA6CWURSDKF7,1482.0,Scheduled
2026-05-15 17:16,GAPDBJKBS4VJ,7695.0,Scheduled
2026-05-15 17:16,GA6KJA56597A,1480.0,Scheduled
2026-05-15 17:16,GAD6U8272377,1439.0,Scheduled
2026-05-15 17:16,GAWE08XV8P43,6914.0,Scheduled
2026-05-15 17:16,GANNU9TCMDYX,4052.0,Scheduled
2026-05-15 17:16,GAVMTS1JEV5F,2035.0,Scheduled
2026-05-15 17:16,GA0VFPYBPFSD,77.0,Scheduled
2026-05-15 17:16,GA2D5K1PW1KY,4106.0,Scheduled
2026-05-22 18:20,,0.0,Scheduled
2026-05-22 18:20,GA7JR24N8MP0,1445.0,Scheduled
2026-05-22 18:20,GA8Z66D03R5H,40.0,Scheduled
2026-05-22 18:20,GA2D5K1PW1KY,3782.0,Scheduled
2026-05-22 18:20,GA5M13ATAU92,1159.0,Scheduled
2026-05-22 18:20,GA5W1E487XAK,4430.0,Scheduled
2026-05-22 18:20,G9V50AU26BAF,41847.0,Scheduled
2026-05-22 18:20,GAV5CYDCCD2F,24.0,Scheduled
2026-05-22 18:20,,0.0,Scheduled
2026-05-22 18:20,GADCWYVTNXF4,1854.0,Scheduled
2026-05-22 18:20,GADASM85B8WD,1587.0,Scheduled
2026-05-22 18:20,GA81K9735S15,2384.0,Scheduled
2026-05-22 18:20,GA0SJ8FBUSS3,3439.0,Scheduled
2026-05-22 18:20,GARNB4SUYSP6,1044.0,Scheduled
2026-05-22 18:20,GA0KX8JE604J,663.0,Scheduled
2026-05-22 18:20,GA6X4341BYZU,3595.0,Scheduled
2026-05-22 18:20,,0.0,Scheduled
2026-05-22 18:20,GA02KNK5ZR9X,873.0,Scheduled
2026-05-22 18:20,GAF2NYNJ412X,4697.0,Scheduled
2026-05-22 18:20,GASV9MFVV34B,2457.0,Scheduled
2026-05-22 18:20,GAD6X9V49PSU,1488.0,Scheduled
2026-05-22 18:20,GAENKTZ4XCKV,1150.0,Scheduled
2026-05-22 18:20,GAAYKYZ57A2R,68.0,Scheduled
2026-05-22 18:20,GA4SB3FKNVSV,1390.0,Scheduled
2026-05-22 18:20,GA6AJVRZ9VP6,2055.0,Scheduled
2026-05-22 18:20,000-000-0000,0.0,Scheduled
2026-05-22 18:20,GAT5UMR7U33K,-87326.0,Scheduled
2026-05-22 18:20,GAX4JRFXAZU3,6411.0,Scheduled
2026-05-22 18:20,GA8R7ZWBUCDM,0.0,Scheduled
2026-05-22 18:20,GACM898C3NFV,1872.0,Scheduled
2026-05-22 18:20,GAEN3WKT7S8N,6184.0,Scheduled
2026-05-22 18:20,GANZ9WH0616H,84829.0,Scheduled
2026-05-22 18:20,GA83THPZPHMM,2373.0,Scheduled
2026-05-22 18:20,GA1914R3A8FT,0.0,Scheduled
2026-05-22 18:20,GAVJY4T0S1JM,2046.0,Scheduled
2026-05-22 18:20,GAVF5T0D1C2A,5361.0,Scheduled
2026-05-22 18:20,GAHB1V7EZ9T6,2132.0,Scheduled
2026-05-22 18:20,GA1U76CA6TKH,5326.0,Scheduled
2026-05-22 18:20,000-000-0000,52.0,Scheduled
2026-05-22 18:20,GAMK7BM0Z6F7,2155.0,Scheduled
2026-05-22 18:20,GAP02HFH7M3T,3634.0,Scheduled
2026-05-22 18:20,GASJN1VYDHKS,969.0,Scheduled
2026-05-22 18:20,GAPDBJKBS4VJ,6033.0,Scheduled
2026-05-22 18:20,GAP3HN061UYJ,807.0,Scheduled
2026-05-22 18:20,GAHEKYN0PW0M,2076.0,Scheduled
2026-05-22 18:20,GAJ24R773Y20,531.0,Scheduled
2026-05-22 18:20,GARD565VJA51,3136.0,Scheduled
2026-05-22 18:20,GAPDJNZC2DEW,1176.0,Scheduled
2026-05-22 18:20,GAHS3Z4436SN,1810.0,Scheduled
2026-05-22 18:20,GA3X9M8D0M2J,2831.0,Scheduled
2026-05-22 18:20,GAP76XH3NTVT,33374.0,Scheduled
2026-05-22 18:20,GA4WAC7EEW2P,8217.0,Scheduled
2026-05-22 18:20,GANNU9TCMDYX,4140.0,Scheduled
2026-05-22 18:20,GAMM4WCR94ZF,867.0,Scheduled
2026-05-22 18:20,GA16H8U4V1JD,17472.0,Scheduled
2026-05-22 18:20,GAE4VMCDYE21,5804.0,Scheduled
2026-05-22 18:20,GAA92VYD2TBN,2773.0,Scheduled
2026-05-22 18:20,GADN5KDCY43M,856.0,Scheduled
2026-05-22 18:20,GA10SUKTX9FF,6787.0,Scheduled
2026-05-22 18:20,GAK973NU1NN6,-205393.0,Scheduled
2026-05-22 18:20,GA5UFB0VKZE3,2380.0,Scheduled
2026-05-22 18:20,GAPYA6Y63YX3,550.0,Scheduled
2026-05-22 18:20,GA6CWURSDKF7,1602.0,Scheduled
2026-05-22 18:20,GA0F3WAYJZ85,4741.0,Scheduled
2026-05-22 18:20,GA5XY16NNEFJ,2585.0,Scheduled
2026-05-22 18:20,GA3JH013ZP58,726.0,Scheduled
2026-05-22 18:20,GA3SPEXSHKHB,4191.0,Scheduled
2026-05-22 18:20,GAD6U8272377,1936.0,Scheduled
2026-05-22 18:20,G93C211DF1F5,1576.0,Scheduled
2026-05-22 18:20,GAWE08XV8P43,6016.0,Scheduled
2026-05-22 18:20,G9JEFN3K040J,3211.0,Scheduled
2026-05-22 18:20,GA73MHU4H6E0,183.0,Scheduled
2026-05-22 18:20,GA0VFPYBPFSD,982.0,Scheduled
2026-05-22 18:20,GAMPMF051XPU,2685.0,Scheduled
2026-05-22 18:20,GA6KJA56597A,1335.0,Scheduled
2026-05-22 18:20,GAVMTS1JEV5F,2002.0,Scheduled
2026-06-05 14:30,GA6X4341BYZU,5117.0,Scheduled
2026-06-05 14:30,GAVF5T0D1C2A,4972.0,Scheduled
2026-06-05 14:30,GAA92VYD2TBN,3714.0,Scheduled
2026-06-05 14:30,GA8Z66D03R5H,422.0,Scheduled
2026-06-05 14:30,,0.0,Scheduled
2026-06-05 14:30,GA5M13ATAU92,2885.0,Scheduled
2026-06-05 14:30,GA5W1E487XAK,7084.0,Scheduled
2026-06-05 14:30,GAMF7NPJK68H,0.0,Scheduled
2026-06-05 14:30,GA7JR24N8MP0,1913.0,Scheduled
2026-06-05 14:30,GAT5UMR7U33K,-81813.0,Scheduled
2026-06-05 14:30,GAV5CYDCCD2F,52.0,Scheduled
2026-06-05 14:30,G9V50AU26BAF,42842.0,Scheduled
2026-06-05 14:30,GADASM85B8WD,1394.0,Scheduled
2026-06-05 14:30,,0.0,Scheduled
2026-06-05 14:30,GADCWYVTNXF4,2101.0,Scheduled
2026-06-05 14:30,GAMK7BM0Z6F7,2213.0,Scheduled
2026-06-05 14:30,GA81K9735S15,2397.0,Scheduled
2026-06-05 14:30,GARNB4SUYSP6,1181.0,Scheduled
2026-06-05 14:30,GASV9MFVV34B,2607.0,Scheduled
2026-06-05 14:30,GAF2NYNJ412X,2098.0,Scheduled
2026-06-05 14:30,GA02KNK5ZR9X,376.0,Scheduled
2026-06-05 14:30,GA2D5K1PW1KY,3521.0,Scheduled
2026-06-05 14:30,,0.0,Scheduled
2026-06-05 14:30,GAD6X9V49PSU,1354.0,Scheduled
2026-06-05 14:30,G9JEFN3K040J,1193.0,Scheduled
2026-06-05 14:30,GAENKTZ4XCKV,909.0,Scheduled
2026-06-05 14:30,GA6AJVRZ9VP6,3994.0,Scheduled
2026-06-05 14:30,GAAYKYZ57A2R,96.0,Scheduled
2026-06-05 14:30,GA4SB3FKNVSV,1246.0,Scheduled
2026-06-05 14:30,GAX4JRFXAZU3,7387.0,Scheduled
2026-06-05 14:30,GA0KX8JE604J,385.0,Scheduled
2026-06-05 14:30,000-000-0000,0.0,Scheduled
2026-06-05 14:30,GACM898C3NFV,1786.0,Scheduled
2026-06-05 14:30,GA0SJ8FBUSS3,2701.0,Scheduled
2026-06-05 14:30,GAEN3WKT7S8N,3834.0,Scheduled
2026-06-05 14:30,GA8R7ZWBUCDM,6969.0,Scheduled
2026-06-05 14:30,GANZ9WH0616H,83856.0,Scheduled
2026-06-05 14:30,GA83THPZPHMM,2138.0,Scheduled
2026-06-05 14:30,GAK973NU1NN6,-196198.0,Scheduled
2026-06-05 14:30,GAVJY4T0S1JM,1406.0,Scheduled
2026-06-05 14:30,GA1914R3A8FT,0.0,Scheduled
2026-06-05 14:30,GA5XY16NNEFJ,2472.0,Scheduled
2026-06-05 14:30,GA1U76CA6TKH,2285.0,Scheduled
2026-06-05 14:30,GAHB1V7EZ9T6,2611.0,Scheduled
2026-06-05 14:30,GASJN1VYDHKS,1846.0,Scheduled
2026-06-05 14:30,GAP02HFH7M3T,5288.0,Scheduled
2026-06-05 14:30,000-000-0000,51.0,Scheduled
2026-06-05 14:30,GAP3HN061UYJ,911.0,Scheduled
2026-06-05 14:30,GAPDBJKBS4VJ,3274.0,Scheduled
2026-06-05 14:30,GAJ24R773Y20,2559.0,Scheduled
2026-06-05 14:30,GAHEKYN0PW0M,1590.0,Scheduled
2026-06-05 14:30,GAPDJNZC2DEW,1697.0,Scheduled
2026-06-05 14:30,GARD565VJA51,6201.0,Scheduled
2026-06-05 14:30,GAHS3Z4436SN,2019.0,Scheduled
2026-06-05 14:30,GA3X9M8D0M2J,1672.0,Scheduled
2026-06-05 14:30,GAP76XH3NTVT,34447.0,Scheduled
2026-06-05 14:30,GANNU9TCMDYX,4647.0,Scheduled
2026-06-05 14:30,GA4WAC7EEW2P,3383.0,Scheduled
2026-06-05 14:30,GAMM4WCR94ZF,622.0,Scheduled
2026-06-05 14:30,GA16H8U4V1JD,19797.0,Scheduled
2026-06-05 14:30,GAE4VMCDYE21,6927.0,Scheduled
2026-06-05 14:30,GA10SUKTX9FF,7598.0,Scheduled
2026-06-05 14:30,GADN5KDCY43M,611.0,Scheduled
2026-06-05 14:30,GA5UFB0VKZE3,2065.0,Scheduled
2026-06-05 14:30,GAPYA6Y63YX3,294.0,Scheduled
2026-06-05 14:30,GA0F3WAYJZ85,3279.0,Scheduled
2026-06-05 14:30,GA6CWURSDKF7,1613.0,Scheduled
2026-06-05 14:30,GA3SPEXSHKHB,3433.0,Scheduled
2026-06-05 14:30,GA3JH013ZP58,1367.0,Scheduled
2026-06-05 14:30,G93C211DF1F5,1383.0,Scheduled
2026-06-05 14:30,GAD6U8272377,1730.0,Scheduled
2026-06-05 14:30,GAWE08XV8P43,3366.0,Scheduled
2026-06-05 14:30,GA73MHU4H6E0,179.0,Scheduled
2026-06-05 14:30,GAMPMF051XPU,2104.0,Scheduled
2026-06-05 14:30,GA0VFPYBPFSD,4174.0,Scheduled
2026-06-05 14:30,GAVMTS1JEV5F,2085.0,Scheduled
2026-06-05 14:30,GA6KJA56597A,1436.0,Scheduled
2026-06-12 14:41,GA6X4341BYZU,4993.0,Scheduled
2026-06-12 14:41,GAK973NU1NN6,-230855.0,Scheduled
2026-06-12 14:41,GA8Z66D03R5H,429.0,Scheduled
2026-06-12 14:41,,0.0,Scheduled
2026-06-12 14:41,GA5M13ATAU92,3443.0,Scheduled
2026-06-12 14:41,GAMK7BM0Z6F7,2299.0,Scheduled
2026-06-12 14:41,GA7JR24N8MP0,1670.0,Scheduled
2026-06-12 14:41,000-000-0000,0.0,Scheduled
2026-06-12 14:41,GA02KNK5ZR9X,78.0,Scheduled
2026-06-12 14:41,GAHS3Z4436SN,1362.0,Scheduled
2026-06-12 14:41,G9V50AU26BAF,995.0,Scheduled
2026-06-12 14:41,,0.0,Scheduled
2026-06-12 14:41,GAT5UMR7U33K,-82776.0,Scheduled
2026-06-12 14:41,GADCWYVTNXF4,1706.0,Scheduled
2026-06-12 14:41,GADASM85B8WD,1436.0,Scheduled
2026-06-12 14:41,GA81K9735S15,2534.0,Scheduled
2026-06-12 14:41,GARNB4SUYSP6,1537.0,Scheduled
2026-06-12 14:41,GAVF5T0D1C2A,3922.0,Scheduled
2026-06-12 14:41,GASV9MFVV34B,2524.0,Scheduled
2026-06-12 14:41,GA2D5K1PW1KY,3486.0,Scheduled
2026-06-12 14:41,GAF2NYNJ412X,903.0,Scheduled
2026-06-12 14:41,GA5W1E487XAK,7927.0,Scheduled
2026-06-12 14:41,,0.0,Scheduled
2026-06-12 14:41,GAD6X9V49PSU,1486.0,Scheduled
2026-06-12 14:41,GAV5CYDCCD2F,55.0,Scheduled
2026-06-12 14:41,G9JEFN3K040J,905.0,Scheduled
2026-06-12 14:41,GA6AJVRZ9VP6,5494.0,Scheduled
2026-06-12 14:41,GA4SB3FKNVSV,1079.0,Scheduled
2026-06-12 14:41,GAAYKYZ57A2R,104.0,Scheduled
2026-06-12 14:41,GAX4JRFXAZU3,7652.0,Scheduled
2026-06-12 14:41,GA0KX8JE604J,384.0,Scheduled
2026-06-12 14:41,000-000-0000,0.0,Scheduled
2026-06-12 14:41,GACM898C3NFV,1526.0,Scheduled
2026-06-12 14:41,GAEN3WKT7S8N,3474.0,Scheduled
2026-06-12 14:41,GA0SJ8FBUSS3,1773.0,Scheduled
2026-06-12 14:41,GANZ9WH0616H,2.0,Scheduled
2026-06-12 14:41,GA83THPZPHMM,2051.0,Scheduled
2026-06-12 14:41,GA8R7ZWBUCDM,7432.0,Scheduled
2026-06-12 14:41,000-000-0000,0.0,Scheduled
2026-06-12 14:41,GAVJY4T0S1JM,1409.0,Scheduled
2026-06-12 14:41,GA5XY16NNEFJ,2601.0,Scheduled
2026-06-12 14:41,GA1U76CA6TKH,1340.0,Scheduled
2026-06-12 14:41,GAHB1V7EZ9T6,2664.0,Scheduled
2026-06-12 14:41,GASJN1VYDHKS,2230.0,Scheduled
2026-06-12 14:41,GAP02HFH7M3T,5829.0,Scheduled
2026-06-12 14:41,000-000-0000,51.0,Scheduled
2026-06-12 14:41,GAP3HN061UYJ,1110.0,Scheduled
2026-06-12 14:41,GAPDBJKBS4VJ,2428.0,Scheduled
2026-06-12 14:41,GAJ24R773Y20,3232.0,Scheduled
2026-06-12 14:41,GAA92VYD2TBN,3666.0,Scheduled
2026-06-12 14:41,GAENKTZ4XCKV,1076.0,Scheduled
2026-06-12 14:41,GAPDJNZC2DEW,1511.0,Scheduled
2026-06-12 14:41,GARD565VJA51,7401.0,Scheduled
2026-06-12 14:41,GAHEKYN0PW0M,1557.0,Scheduled
2026-06-12 14:41,GA3X9M8D0M2J,1480.0,Scheduled
2026-06-12 14:41,GAP76XH3NTVT,4085.0,Scheduled
2026-06-12 14:41,GANNU9TCMDYX,5813.0,Scheduled
2026-06-12 14:41,GA4WAC7EEW2P,1751.0,Scheduled
2026-06-12 14:41,GAMM4WCR94ZF,485.0,Scheduled
2026-06-12 14:41,GA16H8U4V1JD,21128.0,Scheduled
2026-06-12 14:41,GAE4VMCDYE21,7342.0,Scheduled
2026-06-12 14:41,GADN5KDCY43M,751.0,Scheduled
2026-06-12 14:41,GA10SUKTX9FF,8333.0,Scheduled
2026-06-12 14:41,GA5UFB0VKZE3,2039.0,Scheduled
2026-06-12 14:41,GAPYA6Y63YX3,270.0,Scheduled
2026-06-12 14:41,GA0F3WAYJZ85,1964.0,Scheduled
2026-06-12 14:41,GA6CWURSDKF7,1910.0,Scheduled
2026-06-12 14:41,GA3SPEXSHKHB,3514.0,Scheduled
2026-06-12 14:41,GA3JH013ZP58,1697.0,Scheduled
2026-06-12 14:41,G93C211DF1F5,1190.0,Scheduled
2026-06-12 14:41,GAD6U8272377,1928.0,Scheduled
2026-06-12 14:41,GAWE08XV8P43,1716.0,Scheduled
2026-06-12 14:41,000-000-0000,176.0,Scheduled
2026-06-12 14:41,GAMPMF051XPU,2115.0,Scheduled
2026-06-12 14:41,GA0VFPYBPFSD,4735.0,Scheduled
2026-06-12 14:41,GAVMTS1JEV5F,2194.0,Scheduled
2026-06-12 14:41,GA6KJA56597A,1464.0,Scheduled
2026-06-19 14:47,GASV9MFVV34B,2165.0,Scheduled
2026-06-19 14:47,GAK973NU1NN6,-196287.0,Scheduled
2026-06-19 14:47,GA6X4341BYZU,5631.0,Scheduled
2026-06-19 14:47,GASK4NNXPNEK,0.0,Scheduled
2026-06-19 14:47,,0.0,Scheduled
2026-06-19 14:47,GA7JR24N8MP0,1232.0,Scheduled
2026-06-19 14:47,GA0SJ8FBUSS3,1193.0,Scheduled
2026-06-19 14:47,GAMK7BM0Z6F7,2196.0,Scheduled
2026-06-19 14:47,000-000-0000,0.0,Scheduled
2026-06-19 14:47,GA02KNK5ZR9X,0.0,Scheduled
2026-06-19 14:47,GADEWP47YDJ0,0.0,Scheduled
2026-06-19 14:47,G9V50AU26BAF,995.0,Scheduled
2026-06-19 14:47,GAU8XHD87D8C,0.0,Scheduled
2026-06-19 14:47,,0.0,Scheduled
2026-06-19 14:47,GAHS3Z4436SN,1958.0,Scheduled
2026-06-19 14:47,GADASM85B8WD,1482.0,Scheduled
2026-06-19 14:47,GADCWYVTNXF4,1672.0,Scheduled
2026-06-19 14:47,GARNB4SUYSP6,1285.0,Scheduled
2026-06-19 14:47,GA5M13ATAU92,3738.0,Scheduled
2026-06-19 14:47,GAVF5T0D1C2A,2934.0,Scheduled
2026-06-19 14:47,GA2D5K1PW1KY,3288.0,Scheduled
2026-06-19 14:47,GAF2NYNJ412X,866.0,Scheduled
2026-06-19 14:47,GA5W1E487XAK,7986.0,Scheduled
2026-06-19 14:47,,0.0,Scheduled
2026-06-19 14:47,GA8Z66D03R5H,417.0,Scheduled
2026-06-19 14:47,GAV5CYDCCD2F,59.0,Scheduled
2026-06-19 14:47,GAD6X9V49PSU,1288.0,Scheduled
2026-06-19 14:47,GA4SB3FKNVSV,1491.0,Scheduled
2026-06-19 14:47,GAAYKYZ57A2R,120.0,Scheduled
2026-06-19 14:47,GA6AJVRZ9VP6,7585.0,Scheduled
2026-06-19 14:47,GA0KX8JE604J,271.0,Scheduled
2026-06-19 14:47,GA81K9735S15,2570.0,Scheduled
2026-06-19 14:47,000-000-0000,0.0,Scheduled
2026-06-19 14:47,GAX4JRFXAZU3,7514.0,Scheduled
2026-06-19 14:47,GAEN3WKT7S8N,2010.0,Scheduled
2026-06-19 14:47,GAPDJNZC2DEW,1556.0,Scheduled
2026-06-19 14:47,GA83THPZPHMM,1550.0,Scheduled
2026-06-19 14:47,GANZ9WH0616H,4.0,Scheduled
2026-06-19 14:47,GA8R7ZWBUCDM,7815.0,Scheduled
2026-06-19 14:47,000-000-0000,0.0,Scheduled
2026-06-19 14:47,GA5XY16NNEFJ,2387.0,Scheduled
2026-06-19 14:47,GAVJY4T0S1JM,1748.0,Scheduled
2026-06-19 14:47,,750.0,Scheduled
2026-06-19 14:47,GAT5UMR7U33K,85900.0,Scheduled
2026-06-19 14:47,GA1U76CA6TKH,1208.0,Scheduled
2026-06-19 14:47,GAHB1V7EZ9T6,2623.0,Scheduled
2026-06-19 14:47,GASJN1VYDHKS,2396.0,Scheduled
2026-06-19 14:47,GAP02HFH7M3T,5716.0,Scheduled
2026-06-19 14:47,000-000-0000,50.0,Scheduled
2026-06-19 14:47,GAP3HN061UYJ,1130.0,Scheduled
2026-06-19 14:47,GAPDBJKBS4VJ,1185.0,Scheduled
2026-06-19 14:47,GAJ24R773Y20,4361.0,Scheduled
2026-06-19 14:47,GAA92VYD2TBN,3453.0,Scheduled
2026-06-19 14:47,GAENKTZ4XCKV,1008.0,Scheduled
2026-06-19 14:47,GAHEKYN0PW0M,1561.0,Scheduled
2026-06-19 14:47,GARD565VJA51,8040.0,Scheduled
2026-06-19 14:47,GACM898C3NFV,1414.0,Scheduled
2026-06-19 14:47,GA3X9M8D0M2J,1628.0,Scheduled
2026-06-19 14:47,GAP76XH3NTVT,3663.0,Scheduled
2026-06-19 14:47,GA4WAC7EEW2P,818.0,Scheduled
2026-06-19 14:47,GANNU9TCMDYX,5854.0,Scheduled
2026-06-19 14:47,GAMM4WCR94ZF,675.0,Scheduled
2026-06-19 14:47,GA16H8U4V1JD,22460.0,Scheduled
2026-06-19 14:47,GAE4VMCDYE21,7778.0,Scheduled
2026-06-19 14:47,GA10SUKTX9FF,9041.0,Scheduled
2026-06-19 14:47,GADN5KDCY43M,483.0,Scheduled
2026-06-19 14:47,GA5UFB0VKZE3,1869.0,Scheduled
2026-06-19 14:47,GAPYA6Y63YX3,163.0,Scheduled
2026-06-19 14:47,GA6CWURSDKF7,1899.0,Scheduled
2026-06-19 14:47,GA0F3WAYJZ85,1272.0,Scheduled
2026-06-19 14:47,GA3JH013ZP58,1462.0,Scheduled
2026-06-19 14:47,GA3SPEXSHKHB,4086.0,Scheduled
2026-06-19 14:47,G93C211DF1F5,1070.0,Scheduled
2026-06-19 14:47,GAD6U8272377,1935.0,Scheduled
2026-06-19 14:47,GAWE08XV8P43,1026.0,Scheduled
2026-06-19 14:47,000-000-0000,174.0,Scheduled
2026-06-19 14:47,GAMPMF051XPU,1998.0,Scheduled
2026-06-19 14:47,GA0VFPYBPFSD,5382.0,Scheduled
2026-06-19 14:47,GAVMTS1JEV5F,2162.0,Scheduled
2026-06-19 14:47,GA6KJA56597A,1957.0,Scheduled
2026-06-26 14:08,GA5W1E487XAK,7225.0,Scheduled
2026-06-26 14:08,GA10SUKTX9FF,3058.0,Scheduled
2026-06-26 14:08,GASV9MFVV34B,2102.0,Scheduled
2026-06-26 14:08,GASK4NNXPNEK,0.0,Scheduled
2026-06-26 14:08,,0.0,Scheduled
2026-06-26 14:08,GAJ24R773Y20,5558.0,Scheduled
2026-06-26 14:08,GA7JR24N8MP0,1117.0,Scheduled
2026-06-26 14:08,000-000-0000,0.0,Scheduled
2026-06-26 14:08,GADEWP47YDJ0,0.0,Scheduled
2026-06-26 14:08,GAVF5T0D1C2A,2424.0,Scheduled
2026-06-26 14:08,GAU8XHD87D8C,0.0,Scheduled
2026-06-26 14:08,,0.0,Scheduled
2026-06-26 14:08,GADASM85B8WD,1385.0,Scheduled
2026-06-26 14:08,GAHS3Z4436SN,2162.0,Scheduled
2026-06-26 14:08,GA1HY8BZ6Y4J,0.0,Scheduled
2026-06-26 14:08,GARNB4SUYSP6,1006.0,Scheduled
2026-06-26 14:08,GAPDJNZC2DEW,1583.0,Scheduled
2026-06-26 14:08,GARD565VJA51,7364.0,Scheduled
2026-06-26 14:08,GA81K9735S15,2811.0,Scheduled
2026-06-26 14:08,GA4WAC7EEW2P,859.0,Scheduled
2026-06-26 14:08,,0.0,Scheduled
2026-06-26 14:08,GA8Z66D03R5H,422.0,Scheduled
2026-06-26 14:08,GAENKTZ4XCKV,1064.0,Scheduled
2026-06-26 14:08,GA4SB3FKNVSV,1300.0,Scheduled
2026-06-26 14:08,GAF2NYNJ412X,827.0,Scheduled
2026-06-26 14:08,000-000-0000,0.0,Scheduled
2026-06-26 14:08,GACM898C3NFV,1260.0,Scheduled
2026-06-26 14:08,GAWE08XV8P43,650.0,Scheduled
2026-06-26 14:08,GA3SPEXSHKHB,4851.0,Scheduled
2026-06-26 14:08,GANZ9WH0616H,8.0,Scheduled
2026-06-26 14:08,GA2D5K1PW1KY,4206.0,Scheduled
2026-06-26 14:08,000-000-0000,0.0,Scheduled
2026-06-26 14:08,GADCWYVTNXF4,2087.0,Scheduled
2026-06-26 14:08,GAPYA6Y63YX3,451.0,Scheduled
2026-06-26 14:08,,146.0,Scheduled
2026-06-26 14:08,GAT5UMR7U33K,2767.0,Scheduled
2026-06-26 14:08,GA1U76CA6TKH,1640.0,Scheduled
2026-06-26 14:08,GAP02HFH7M3T,6227.0,Scheduled
2026-06-26 14:08,000-000-0000,50.0,Scheduled
2026-06-26 14:08,GAMK7BM0Z6F7,1939.0,Scheduled
2026-06-26 14:08,GAP3HN061UYJ,1241.0,Scheduled
2026-06-26 14:08,GA6X4341BYZU,5734.0,Scheduled
2026-06-26 14:08,GAA92VYD2TBN,2734.0,Scheduled
2026-06-26 14:08,GAD6X9V49PSU,1100.0,Scheduled
2026-06-26 14:08,GAHEKYN0PW0M,2101.0,Scheduled
2026-06-26 14:08,GAVJY4T0S1JM,1940.0,Scheduled
2026-06-26 14:08,GAPDBJKBS4VJ,1466.0,Scheduled
2026-06-26 14:08,GA3X9M8D0M2J,1916.0,Scheduled
2026-06-26 14:08,GAP76XH3NTVT,3250.0,Scheduled
2026-06-26 14:08,GA8R7ZWBUCDM,8170.0,Scheduled
2026-06-26 14:08,GANNU9TCMDYX,5481.0,Scheduled
2026-06-26 14:08,GA5XY16NNEFJ,2282.0,Scheduled
2026-06-26 14:08,GA16H8U4V1JD,6436.0,Scheduled
2026-06-26 14:08,GA6KJA56597A,2597.0,Scheduled
2026-06-26 14:08,GAX4JRFXAZU3,7053.0,Scheduled
2026-06-26 14:08,GA5M13ATAU92,3067.0,Scheduled
2026-06-26 14:08,GAE4VMCDYE21,6562.0,Scheduled
2026-06-26 14:08,GAHB1V7EZ9T6,2786.0,Scheduled
2026-06-26 14:08,GADN5KDCY43M,565.0,Scheduled
2026-06-26 14:08,GAAYKYZ57A2R,118.0,Scheduled
2026-06-26 14:08,GA5UFB0VKZE3,1636.0,Scheduled
2026-06-26 14:08,GA3JH013ZP58,1263.0,Scheduled
2026-06-26 14:08,GA6CWURSDKF7,2045.0,Scheduled
2026-06-26 14:08,GA0SJ8FBUSS3,457.0,Scheduled
2026-06-26 14:08,GAK973NU1NN6,1189.0,Scheduled
2026-06-26 14:08,GA0F3WAYJZ85,574.0,Scheduled
2026-06-26 14:08,GA0VFPYBPFSD,6276.0,Scheduled
2026-06-26 14:08,GA02KNK5ZR9X,0.0,Scheduled
2026-06-26 14:08,GAD6U8272377,1907.0,Scheduled
2026-06-26 14:08,G9V50AU26BAF,995.0,Scheduled
2026-06-26 14:08,000-000-0000,172.0,Scheduled
2026-06-26 14:08,GAV5CYDCCD2F,53.0,Scheduled
2026-06-26 14:08,GA83THPZPHMM,1409.0,Scheduled
2026-06-26 14:08,GAMPMF051XPU,2154.0,Scheduled
2026-06-26 14:08,GAMM4WCR94ZF,464.0,Scheduled
2026-06-26 14:08,GAVMTS1JEV5F,2464.0,Scheduled
2026-06-26 14:08,G93C211DF1F5,1230.0,Scheduled
2026-06-26 14:08,GAEN3WKT7S8N,941.0,Scheduled
2026-06-26 14:08,GA0KX8JE604J,243.0,Scheduled
2026-06-26 14:08,GA6AJVRZ9VP6,7924.0,Scheduled
2026-06-26 14:08,GASJN1VYDHKS,2363.0,Scheduled
2026-07-03 13:47,GA5W1E487XAK,8020.0,Scheduled
2026-07-03 13:47,GA10SUKTX9FF,2255.0,Scheduled
2026-07-03 13:47,GASV9MFVV34B,2220.0,Scheduled
2026-07-03 13:47,GASK4NNXPNEK,0.0,Scheduled
2026-07-03 13:47,,0.0,Scheduled
2026-07-03 13:47,GAJ24R773Y20,5878.0,Scheduled
2026-07-03 13:47,GA7JR24N8MP0,761.0,Scheduled
2026-07-03 13:47,GADASM85B8WD,1252.0,Scheduled
2026-07-03 13:47,000-000-0000,0.0,Scheduled
2026-07-03 13:47,GA5XY16NNEFJ,2593.0,Scheduled
2026-07-03 13:47,GAAYKYZ57A2R,134.0,Scheduled
2026-07-03 13:47,GADEWP47YDJ0,0.0,Scheduled
2026-07-03 13:47,GAVF5T0D1C2A,1964.0,Scheduled
2026-07-03 13:47,GAU8XHD87D8C,0.0,Scheduled
2026-07-03 13:47,,0.0,Scheduled
2026-07-03 13:47,GARD565VJA51,8042.0,Scheduled
2026-07-03 13:47,GAHS3Z4436SN,2103.0,Scheduled
2026-07-03 13:47,GAD6X9V49PSU,1395.0,Scheduled
2026-07-03 13:47,GA1HY8BZ6Y4J,0.0,Scheduled
2026-07-03 13:47,GARNB4SUYSP6,1094.0,Scheduled
2026-07-03 13:47,GAPDJNZC2DEW,1160.0,Scheduled
2026-07-03 13:47,GA81K9735S15,2811.0,Scheduled
2026-07-03 13:47,GA4WAC7EEW2P,903.0,Scheduled
2026-07-03 13:47,,0.0,Scheduled
2026-07-03 13:47,GA8Z66D03R5H,267.0,Scheduled
2026-07-03 13:47,GAENKTZ4XCKV,1221.0,Scheduled
2026-07-03 13:47,GA4SB3FKNVSV,1433.0,Scheduled
2026-07-03 13:47,GAF2NYNJ412X,881.0,Scheduled
2026-07-03 13:47,000-000-0000,0.0,Scheduled
2026-07-03 13:47,GA3SPEXSHKHB,5108.0,Scheduled
2026-07-03 13:47,GACM898C3NFV,1281.0,Scheduled
2026-07-03 13:47,GAWE08XV8P43,578.0,Scheduled
2026-07-03 13:47,GANZ9WH0616H,198.0,Scheduled
2026-07-03 13:47,GA2D5K1PW1KY,4252.0,Scheduled
2026-07-03 13:47,000-000-0000,0.0,Scheduled
2026-07-03 13:47,GADCWYVTNXF4,2209.0,Scheduled
2026-07-03 13:47,GAPYA6Y63YX3,593.0,Scheduled
2026-07-03 13:47,,0.0,Scheduled
2026-07-03 13:47,GA1U76CA6TKH,1956.0,Scheduled
2026-07-03 13:47,GAT5UMR7U33K,3333.0,Scheduled
2026-07-03 13:47,GAP02HFH7M3T,6616.0,Scheduled
2026-07-03 13:47,000-000-0000,49.0,Scheduled
2026-07-03 13:47,GAP3HN061UYJ,1184.0,Scheduled
2026-07-03 13:47,GAMK7BM0Z6F7,2319.0,Scheduled
2026-07-03 13:47,GAA92VYD2TBN,1872.0,Scheduled
2026-07-03 13:47,GA6X4341BYZU,5072.0,Scheduled
2026-07-03 13:47,GAPDBJKBS4VJ,1569.0,Scheduled
2026-07-03 13:47,GAVJY4T0S1JM,2199.0,Scheduled
2026-07-03 13:47,GAHEKYN0PW0M,2251.0,Scheduled
2026-07-03 13:47,GA3X9M8D0M2J,2018.0,Scheduled
2026-07-03 13:47,GAP76XH3NTVT,3404.0,Scheduled
2026-07-03 13:47,GA8R7ZWBUCDM,9063.0,Scheduled
2026-07-03 13:47,GANNU9TCMDYX,4656.0,Scheduled
2026-07-03 13:47,GA16H8U4V1JD,6453.0,Scheduled
2026-07-03 13:47,GA6KJA56597A,2690.0,Scheduled
2026-07-03 13:47,GAX4JRFXAZU3,6822.0,Scheduled
2026-07-03 13:47,GA5M13ATAU92,3761.0,Scheduled
2026-07-03 13:47,GAE4VMCDYE21,5237.0,Scheduled
2026-07-03 13:47,GAHB1V7EZ9T6,2615.0,Scheduled
2026-07-03 13:47,GADN5KDCY43M,783.0,Scheduled
2026-07-03 13:47,GA3JH013ZP58,1199.0,Scheduled
2026-07-03 13:47,GA5UFB0VKZE3,1442.0,Scheduled
2026-07-03 13:47,GA0SJ8FBUSS3,837.0,Scheduled
2026-07-03 13:47,GA6CWURSDKF7,2047.0,Scheduled
2026-07-03 13:47,GA0F3WAYJZ85,474.0,Scheduled
2026-07-03 13:47,GAK973NU1NN6,1399.0,Scheduled
2026-07-03 13:47,GA0VFPYBPFSD,6098.0,Scheduled
2026-07-03 13:47,GAD6U8272377,1629.0,Scheduled
2026-07-03 13:47,GA02KNK5ZR9X,325.0,Scheduled
2026-07-03 13:47,G9V50AU26BAF,0.0,Scheduled
2026-07-03 13:47,GAV5CYDCCD2F,32.0,Scheduled
2026-07-03 13:47,000-000-0000,170.0,Scheduled
2026-07-03 13:47,GAMPMF051XPU,2206.0,Scheduled
2026-07-03 13:47,GA83THPZPHMM,928.0,Scheduled
2026-07-03 13:47,GAMM4WCR94ZF,479.0,Scheduled
2026-07-03 13:47,GAVMTS1JEV5F,2440.0,Scheduled
2026-07-03 13:47,GAEN3WKT7S8N,941.0,Scheduled
2026-07-03 13:47,G93C211DF1F5,1311.0,Scheduled
2026-07-03 13:47,GA6AJVRZ9VP6,7754.0,Scheduled
2026-07-03 13:47,GA0KX8JE604J,243.0,Scheduled
2026-07-03 13:47,GASJN1VYDHKS,2422.0,Scheduled
2026-07-10 14:04,GA5W1E487XAK,9061.0,Scheduled
2026-07-10 14:04,GA10SUKTX9FF,2143.0,Scheduled
2026-07-10 14:04,GASV9MFVV34B,2086.0,Scheduled
2026-07-10 14:04,,0.0,Scheduled
2026-07-10 14:04,GAJ24R773Y20,4878.0,Scheduled
2026-07-10 14:04,000-000-0000,0.0,Scheduled
2026-07-10 14:04,GA5XY16NNEFJ,1809.0,Scheduled
2026-07-10 14:04,GAAYKYZ57A2R,132.0,Scheduled
2026-07-10 14:04,GADEWP47YDJ0,0.0,Scheduled
2026-07-10 14:04,GAVF5T0D1C2A,1831.0,Scheduled
2026-07-10 14:04,GAU8XHD87D8C,0.0,Scheduled
2026-07-10 14:04,,0.0,Scheduled
2026-07-10 14:04,GARD565VJA51,7635.0,Scheduled
2026-07-10 14:04,GA7JR24N8MP0,548.0,Scheduled
2026-07-10 14:04,GAD6X9V49PSU,1508.0,Scheduled
2026-07-10 14:04,GA1HY8BZ6Y4J,0.0,Scheduled
2026-07-10 14:04,GAHS3Z4436SN,1576.0,Scheduled
2026-07-10 14:04,GARNB4SUYSP6,915.0,Scheduled
2026-07-10 14:04,GA4WAC7EEW2P,1002.0,Scheduled
2026-07-10 14:04,GAPDJNZC2DEW,1076.0,Scheduled
2026-07-10 14:04,GA81K9735S15,2633.0,Scheduled
2026-07-10 14:04,GADASM85B8WD,1181.0,Scheduled
2026-07-10 14:04,,0.0,Scheduled
2026-07-10 14:04,GA8Z66D03R5H,124.0,Scheduled
2026-07-10 14:04,GAENKTZ4XCKV,1048.0,Scheduled
2026-07-10 14:04,GASK4NNXPNEK,59433.0,Scheduled
2026-07-10 14:04,GA4SB3FKNVSV,1388.0,Scheduled
2026-07-10 14:04,GAF2NYNJ412X,675.0,Scheduled
2026-07-10 14:04,000-000-0000,0.0,Scheduled
2026-07-10 14:04,GACM898C3NFV,1210.0,Scheduled
2026-07-10 14:04,GA3SPEXSHKHB,5870.0,Scheduled
2026-07-10 14:04,GAWE08XV8P43,579.0,Scheduled
2026-07-10 14:04,GA2D5K1PW1KY,4114.0,Scheduled
2026-07-10 14:04,GANZ9WH0616H,523.0,Scheduled
2026-07-10 14:04,000-000-0000,0.0,Scheduled
2026-07-10 14:04,GAPYA6Y63YX3,535.0,Scheduled
2026-07-10 14:04,GADCWYVTNXF4,2050.0,Scheduled
2026-07-10 14:04,,0.0,Scheduled
2026-07-10 14:04,GA1U76CA6TKH,2021.0,Scheduled
2026-07-10 14:04,GAT5UMR7U33K,2438.0,Scheduled
2026-07-10 14:04,GAP02HFH7M3T,6944.0,Scheduled
2026-07-10 14:04,000-000-0000,49.0,Scheduled
2026-07-10 14:04,GAP3HN061UYJ,1282.0,Scheduled
2026-07-10 14:04,GAMK7BM0Z6F7,2734.0,Scheduled
2026-07-10 14:04,GAA92VYD2TBN,1909.0,Scheduled
2026-07-10 14:04,GA6X4341BYZU,5030.0,Scheduled
2026-07-10 14:04,GAPDBJKBS4VJ,1408.0,Scheduled
2026-07-10 14:04,GAVJY4T0S1JM,2299.0,Scheduled
2026-07-10 14:04,GAHEKYN0PW0M,2195.0,Scheduled
2026-07-10 14:04,GA3X9M8D0M2J,2172.0,Scheduled
2026-07-10 14:04,GAP76XH3NTVT,4143.0,Scheduled
2026-07-10 14:04,GA8R7ZWBUCDM,2492.0,Scheduled
2026-07-10 14:04,GANNU9TCMDYX,4195.0,Scheduled
2026-07-10 14:04,GA16H8U4V1JD,6161.0,Scheduled
2026-07-10 14:04,GA6KJA56597A,2410.0,Scheduled
2026-07-10 14:04,GAX4JRFXAZU3,7024.0,Scheduled
2026-07-10 14:04,GAE4VMCDYE21,5111.0,Scheduled
2026-07-10 14:04,GA5M13ATAU92,4135.0,Scheduled
2026-07-10 14:04,GAHB1V7EZ9T6,2945.0,Scheduled
2026-07-10 14:04,GADN5KDCY43M,766.0,Scheduled
2026-07-10 14:04,GA3JH013ZP58,873.0,Scheduled
2026-07-10 14:04,GA5UFB0VKZE3,1239.0,Scheduled
2026-07-10 14:04,GA6CWURSDKF7,1571.0,Scheduled
2026-07-10 14:04,GA0SJ8FBUSS3,722.0,Scheduled
2026-07-10 14:04,GAK973NU1NN6,1541.0,Scheduled
2026-07-10 14:04,GA0F3WAYJZ85,847.0,Scheduled
2026-07-10 14:04,GA0VFPYBPFSD,6470.0,Scheduled
2026-07-10 14:04,GAD6U8272377,1528.0,Scheduled
2026-07-10 14:04,GA02KNK5ZR9X,550.0,Scheduled
2026-07-10 14:04,G9V50AU26BAF,0.0,Scheduled
2026-07-10 14:04,GAV5CYDCCD2F,18.0,Scheduled
2026-07-10 14:04,000-000-0000,168.0,Scheduled
2026-07-10 14:04,GA83THPZPHMM,596.0,Scheduled
2026-07-10 14:04,GAMPMF051XPU,2192.0,Scheduled
2026-07-10 14:04,GAMM4WCR94ZF,567.0,Scheduled
2026-07-10 14:04,GAVMTS1JEV5F,2367.0,Scheduled
2026-07-10 14:04,G93C211DF1F5,1327.0,Scheduled
2026-07-10 14:04,GAEN3WKT7S8N,941.0,Scheduled
2026-07-10 14:04,GA0KX8JE604J,233.0,Scheduled
2026-07-10 14:04,GA6AJVRZ9VP6,8112.0,Scheduled
2026-07-10 14:04,GASJN1VYDHKS,2200.0,Scheduled
